{"__type__":"cc.AnimationClip","_name":"pingponh_tx","_duration":0.8333333333333334,"wrapMode":"2","curveData":{"props":{"y":[{"frame":0,"value":0},{"frame":0.3333333333333333,"value":16},{"frame":0.6666666666666666,"value":0},{"frame":0.8333333333333334,"value":1}]}}}