{"__type__":"cc.AnimationClip","_name":"move_clip","_duration":0.3333333333333333,"wrapMode":2,"curveData":{"props":{"y":[{"frame":0,"value":217.3},{"frame":0.16666666666666666,"value":206.3},{"frame":0.3333333333333333,"value":217.3}]}}}